Team,Count,Percent,Gameweek
Norwich,4788,95.76,29
Aston Villa,3477,69.54,29
Bournemouth,2784,55.67999999999999,29
Watford,2068,41.36,29
West Ham,1109,22.18,29
Brighton,629,12.58,29
Southampton,82,1.6400000000000001,29
Newcastle,61,1.22,29
Crystal Palace,1,0.02,29
Everton,1,0.02,29
